,matched_id,rowid,school,district_y,address_y,original_name_y
0,0,,,,,
1,91,91,Alliance Cindy and Bill Simon Technology Academy High (Alliance College Ready Public Schools District),Alliance College Ready Public Schools District,10720 South Wilmington Ave.,Alliance Cindy and Bill Simon Technology Academy High (Alliance College Ready Public Schools District)
2,90,90,Alliance Virgil Roberts Leadership Academy (Alliance College Ready Public Schools District),Alliance College Ready Public Schools District,2941 West 70th St.,Alliance Virgil Roberts Leadership Academy (Alliance College Ready Public Schools District)
3,680,680,Animo City of Champions Charter High (Green Dot Charter Schools District),Green Dot Charter Schools District,9330 South Eighth Ave.,Animo City of Champions Charter High (Green Dot Charter Schools District)
4,682,682,Animo Florence-Firestone Charter Middle (Green Dot Charter Schools District),Green Dot Charter Schools District,8255 Beach St.,Animo Florence-Firestone Charter Middle (Green Dot Charter Schools District)
5,676,676,Animo Inglewood Charter High (Green Dot Charter Schools District),Green Dot Charter Schools District,3425 West Manchester Blvd.,Animo Inglewood Charter High (Green Dot Charter Schools District)
6,684,684,Animo James B. Taylor Charter Middle (Green Dot Charter Schools District),Green Dot Charter Schools District,810 East 111th Pl.,Animo James B. Taylor Charter Middle (Green Dot Charter Schools District)
7,685,685,Animo Jefferson Charter Middle (Green Dot Charter Schools District),Green Dot Charter Schools District,1655 East 27th St.,Animo Jefferson Charter Middle (Green Dot Charter Schools District)
8,686,686,Animo Legacy Charter Middle (Green Dot Charter Schools District),Green Dot Charter Schools District,12226 South Western Ave.,Animo Legacy Charter Middle (Green Dot Charter Schools District)
9,0,,,,,
10,675,675,Oscar De La Hoya Animo Charter High (Green Dot Charter Schools District),Green Dot Charter Schools District,1114 South Lorena St.,Oscar De La Hoya Animo Charter High (Green Dot Charter Schools District)
11,689,689,Animo Ralph Bunche Charter High (Green Dot Charter Schools District),Green Dot Charter Schools District,1655 East 27th St.,Animo Ralph Bunche Charter High (Green Dot Charter Schools District)
12,691,691,Animo Venice Charter High (Green Dot Charter Schools District),Green Dot Charter Schools District,820 Broadway St.,Animo Venice Charter High (Green Dot Charter Schools District)
13,878,878,APEX Academy / Matrix for Success Academy (Independent Charter Schools District),Independent Charter Schools District,"1309 North Wilton Pl., 3rd Fl.",APEX Academy / Matrix for Success Academy (Independent Charter Schools District)
14,882,882,Arts in Action Community Middle (Independent Charter Schools District),Independent Charter Schools District,745 South Kern Ave.,Arts in Action Community Middle (Independent Charter Schools District)
15,146,146,Aspire Slauson Academy Charter (Aspire Public Schools District),Aspire Public Schools District,123 West 59th St.,Aspire Slauson Academy Charter (Aspire Public Schools District)
16,143,143,Aspire Juanita Tate Academy Charter (Aspire Public Schools District),Aspire Public Schools District,123 West 59th St.,Aspire Juanita Tate Academy Charter (Aspire Public Schools District)
17,809,809,Birmingham Community Charter High (Independent Charter Schools District),Independent Charter Schools District,17000 Haynes St.,Birmingham Community Charter High (Independent Charter Schools District)
18,844,844,Da Vinci RISE High (Independent Charter Schools District),Independent Charter Schools District,201 North Douglas St.,Da Vinci RISE High (Independent Charter Schools District)
19,0,,,,,
20,841,841,Environmental Charter High (Independent Charter Schools District),Independent Charter Schools District,16315 Grevillea Ave.,Environmental Charter High (Independent Charter Schools District)
21,852,852,Environmental Charter Middle (Independent Charter Schools District),Independent Charter Schools District,812 West 165th Pl.,Environmental Charter Middle (Independent Charter Schools District)
22,866,866,Gabriella Charter (Independent Charter Schools District),Independent Charter Schools District,1435 Logan St.,Gabriella Charter (Independent Charter Schools District)
23,764,764,ICEF Innovation Los Angeles Charter (ICEF Public Schools District),ICEF Public Schools District,5029 South Vermont Ave.,ICEF Innovation Los Angeles Charter (ICEF Public Schools District)
24,837,837,Intellectual Virtues Academy of Long Beach (Independent Charter Schools District),Independent Charter Schools District,3601 Linden Ave.,Intellectual Virtues Academy of Long Beach (Independent Charter Schools District)
25,831,831,Larchmont Charter (Independent Charter Schools District),Independent Charter Schools District,1265 North Fairfax Ave.,Larchmont Charter (Independent Charter Schools District)
26,780,780,Libertas College Preparatory Charter (Independent Charter Schools District),Independent Charter Schools District,3875 Dublin Ave.,Libertas College Preparatory Charter (Independent Charter Schools District)
27,0,,,,,
28,883,883,Pacoima Charter Elementary (Independent Charter Schools District),Independent Charter Schools District,11016 Norris Ave.,Pacoima Charter Elementary (Independent Charter Schools District)
29,975,975,Russell Westbrook Why Not? High (LA Promise Fund),LA Promise Fund,1755 West 52nd St.,Russell Westbrook Why Not? High (LA Promise Fund)
30,976,976,Russell Westbrook Why Not? Middle (LA Promise Fund),LA Promise Fund,1700 West 46th St.,Russell Westbrook Why Not? Middle (LA Promise Fund)
31,0,,,,,
32,799,799,T.I.M.E. Community (Independent Charter Schools District),Independent Charter Schools District,2100 West Cleveland Ave.,T.I.M.E. Community (Independent Charter Schools District)
33,0,,,,,
34,800,800,We the People High (Independent Charter Schools District),Independent Charter Schools District,1635 Long Beach Blvd.,We the People High (Independent Charter Schools District)
35,0,,,,,
36,0,,,,,
37,0,,,,,
38,442,442,Culver City Unified School District iAcademy (Culver City Unified),Culver City Unified,"4601 Elenda St., CP Annex",Culver City Unified School District iAcademy (Culver City Unified)
39,494,494,Mt. Olive Innovation and Technology High (Duarte Unified),Duarte Unified,1238 Brycedale Ave.,Mt. Olive Innovation and Technology High (Duarte Unified)
40,2056,2056,One Hundred Seventh Street/107th St. Elementary (LAUSD),Los Angeles Unified,147 East 107th St.,One Hundred Seventh Street/107th St. Elementary (LAUSD)
41,2056,2056,One Hundred Seventh Street/107th St. Elementary (LAUSD),Los Angeles Unified,147 East 107th St.,One Hundred Seventh Street/107th St. Elementary (LAUSD)
42,1883,1883,Tenth Street/10th St.Elementary (LAUSD),Los Angeles Unified,1000 Grattan St.,Tenth Street/10th St.Elementary (LAUSD)
43,2059,2059,One Hundred Twelfth Street/112th St. Elementary (LAUSD),Los Angeles Unified,1265 East 112th St.,One Hundred Twelfth Street/112th St. Elementary (LAUSD)
44,2057,2057,One Hundred Sixteenth Street/ 116th St. Elementary (LAUSD),Los Angeles Unified,11610 Stanford Ave.,One Hundred Sixteenth Street/ 116th St. Elementary (LAUSD)
45,2051,2051,One Hundred Eighteenth Street/118th St.Elementary (LAUSD),Los Angeles Unified,144 East 118th St.,One Hundred Eighteenth Street/118th St.Elementary (LAUSD)
46,2053,2053,One Hundred Fifty-Sixth Street/156th St.Elementary (LAUSD),Los Angeles Unified,2100 West 156th St.,One Hundred Fifty-Sixth Street/156th St.Elementary (LAUSD)
47,2052,2052,One Hundred Eighty-Sixth Street/186th St. Elementary (LAUSD),Los Angeles Unified,1581 West 186th St.,One Hundred Eighty-Sixth Street/186th St. Elementary (LAUSD)
48,1385,1385,Twentieth Street/20th St. Elementary(LAUSD),Los Angeles Unified,1353 East 20th St.,Twentieth Street/20th St. Elementary(LAUSD)
49,1387,1387,Twenty-Fourth Street/24th St. Elementary(LAUSD),Los Angeles Unified,2055 West 24th St.,Twenty-Fourth Street/24th St. Elementary(LAUSD)
50,1386,1386,Twenty-Eighth Street / 28th St. Elementary(LAUSD),Los Angeles Unified,2807 Stanford Ave.,Twenty-Eighth Street / 28th St. Elementary(LAUSD)
51,1411,1411,Thirty-Second Street/ 32nd St. USC Performing Arts(LAUSD),Los Angeles Unified,822 West 32nd St.,Thirty-Second Street/ 32nd St. USC Performing Arts(LAUSD)
52,1410,1410,Third Street/ 3rd St. Elementary(LAUSD),Los Angeles Unified,201 South June St.,Third Street/ 3rd St. Elementary(LAUSD)
53,1410,1410,Third Street/ 3rd St. Elementary(LAUSD),Los Angeles Unified,201 South June St.,Third Street/ 3rd St. Elementary(LAUSD)
54,1530,1530,Forty-Second Street/42nd St.Elementary(LAUSD),Los Angeles Unified,4231 Fourth Ave.,Forty-Second Street/42nd St.Elementary(LAUSD)
55,1529,1529,Forty-Ninth Street/40th St.Elementary(LAUSD),Los Angeles Unified,750 East 49th St.,Forty-Ninth Street/40th St.Elementary(LAUSD)
56,1533,1533,Fourth Street/4th St. Primary Center(LAUSD),Los Angeles Unified,469 Amalia Ave.,Fourth Street/4th St. Primary Center(LAUSD)
57,1533,1533,Fourth Street/4th St. Primary Center(LAUSD),Los Angeles Unified,469 Amalia Ave.,Fourth Street/4th St. Primary Center(LAUSD)
58,1533,1533,Fourth Street/4th St. Primary Center(LAUSD),Los Angeles Unified,469 Amalia Ave.,Fourth Street/4th St. Primary Center(LAUSD)
59,1533,1533,Fourth Street/4th St. Primary Center(LAUSD),Los Angeles Unified,469 Amalia Ave.,Fourth Street/4th St. Primary Center(LAUSD)
60,2106,2106,Fifty-Second Street/52nd St. Elementary (LAUSD),Los Angeles Unified,816 West 51st St.,Fifty-Second Street/52nd St. Elementary (LAUSD)
61,2104,2104,Fifty-Fourth Street /54th St. Elementary (LAUSD),Los Angeles Unified,5501 South Eileen Ave.,Fifty-Fourth Street /54th St. Elementary (LAUSD)
62,1899,1899,Seventy-Fourth Street/74th St. Elementary (LAUSD),Los Angeles Unified,2112 West 74th St.,Seventy-Fourth Street/74th St. Elementary (LAUSD)
63,1898,1898,Seventy-Fifth Street /75th St Elementary (LAUSD),Los Angeles Unified,142 West 75th St.,Seventy-Fifth Street /75th St Elementary (LAUSD)
64,1204,1204,Seventh Street/7th St. Elementary(LAUSD),Los Angeles Unified,1570 W 7th St,Seventh Street/7th St. Elementary(LAUSD)
65,1793,1793,Ninety-Third Street/93rd St. Elementary(LAUSD),Los Angeles Unified,330 East 93rd St.,Ninety-Third Street/93rd St. Elementary(LAUSD)
66,1793,1793,Ninety-Third Street/93rd St. Elementary(LAUSD),Los Angeles Unified,330 East 93rd St.,Ninety-Third Street/93rd St. Elementary(LAUSD)
67,1789,1789,Ninety-Fifth Street/ 95th St. Elementary (LAUSD),Los Angeles Unified,1109 West 96th St.,Ninety-Fifth Street/ 95th St. Elementary (LAUSD)
68,1792,1792,Ninety-Sixth Street/96th St. Elementary (LAUSD),Los Angeles Unified,1471 East 96th St.,Ninety-Sixth Street/96th St. Elementary (LAUSD)
69,1850,1850,Amestoy Elementary(LAUSD),Los Angeles Unified,1048 West 149th St.,Amestoy Elementary(LAUSD)
70,1850,1850,Amestoy Elementary(LAUSD),Los Angeles Unified,1048 West 149th St.,Amestoy Elementary(LAUSD)
71,1856,1856,Angeles Mesa Elementary(LAUSD),Los Angeles Unified,2611 West 52nd St.,Angeles Mesa Elementary(LAUSD)
72,1336,1336,Arlington Heights Elementary(LAUSD),Los Angeles Unified,1717 Seventh Ave.,Arlington Heights Elementary(LAUSD)
73,2229,2229,Aurora Elementary(LAUSD),Los Angeles Unified,1050 East 52nd Pl.,Aurora Elementary(LAUSD)
74,2236,2236,Barack Obama Global Preparation Academy(LAUSD),Los Angeles Unified,1700 West 46th St.,Barack Obama Global Preparation Academy(LAUSD)
75,2238,2238,Bassett Street Elementary(LAUSD),Los Angeles Unified,15756 Bassett St.,Bassett Street Elementary(LAUSD)
76,2238,2238,Bassett Street Elementary(LAUSD),Los Angeles Unified,15756 Bassett St.,Bassett Street Elementary(LAUSD)
77,1505,1505,Belvedere Middle(LAUSD),Los Angeles Unified,312 North Record Ave.,Belvedere Middle(LAUSD)
78,1505,1505,Belvedere Middle(LAUSD),Los Angeles Unified,312 North Record Ave.,Belvedere Middle(LAUSD)
79,1507,1507,Benjamin Franklin Senior High(LAUSD),Los Angeles Unified,820 North Avenue 54,Benjamin Franklin Senior High(LAUSD)
80,1507,1507,Benjamin Franklin Senior High(LAUSD),Los Angeles Unified,820 North Avenue 54,Benjamin Franklin Senior High(LAUSD)
81,1507,1507,Benjamin Franklin Senior High(LAUSD),Los Angeles Unified,820 North Avenue 54,Benjamin Franklin Senior High(LAUSD)
82,1508,1508,Berendo Middle(LAUSD),Los Angeles Unified,1157 South Berendo St.,Berendo Middle(LAUSD)
83,1225,1225,"Boyle Heights Science, Technology, Engineering and Math Magnet(LAUSD)",Los Angeles Unified,2550 East 6th St.,"Boyle Heights Science, Technology, Engineering and Math Magnet(LAUSD)"
84,1761,1761,Cabrillo Avenue Elementary(LAUSD),Los Angeles Unified,732 South Cabrillo Ave.,Cabrillo Avenue Elementary(LAUSD)
85,1895,1895,Carson Senior High(LAUSD),Los Angeles Unified,22328 South Main St.,Carson Senior High(LAUSD)
86,1895,1895,Carson Senior High(LAUSD),Los Angeles Unified,22328 South Main St.,Carson Senior High(LAUSD)
87,1897,1897,Carson-Gore Academy of Enviornmental Studies(LAUSD),Los Angeles Unified,3200 West Washington Blvd.,Carson-Gore Academy of Enviornmental Studies(LAUSD)
88,0,,,,,
89,1399,1399,Chatsworth Park ES Urban Planning/Community Development Magnet(LAUSD),Los Angeles Unified,22005 Devonshire St.,Chatsworth Park ES Urban Planning/Community Development Magnet(LAUSD)
90,1569,1569,Christopher Columbus Middle(LAUSD),Los Angeles Unified,22250 Elkwood St.,Christopher Columbus Middle(LAUSD)
91,1242,1242,Coldwater Canyon Elementary(LAUSD),Los Angeles Unified,6850 Coldwater Canyon Ave.,Coldwater Canyon Elementary(LAUSD)
92,1569,1569,Christopher Columbus Middle(LAUSD),Los Angeles Unified,22250 Elkwood St.,Christopher Columbus Middle(LAUSD)
93,2093,2093,"Crenshaw Science, Technology, Engineering, Math and Medicine Magnet(LAUSD)",Los Angeles Unified,5010 11th Ave.,"Crenshaw Science, Technology, Engineering, Math and Medicine Magnet(LAUSD)"
94,0,,,,,
95,1961,1961,Downtown Business Magnet(LAUSD),Los Angeles Unified,1081 West Temple St.,Downtown Business Magnet(LAUSD)
96,2304,2304,Dr. Theodore T. Alexander Jr. Science Center(LAUSD),Los Angeles Unified,3737 South Figueroa St.,Dr. Theodore T. Alexander Jr. Science Center(LAUSD)
97,2218,2218,Edward R. Roybal Learning Center(LAUSD),Los Angeles Unified,1200 West Colton St.,Edward R. Roybal Learning Center(LAUSD)
98,2245,2245,El Sereno Middle(LAUSD),Los Angeles Unified,2839 North Eastern Ave.,El Sereno Middle(LAUSD)
99,2245,2245,El Sereno Middle(LAUSD),Los Angeles Unified,2839 North Eastern Ave.,El Sereno Middle(LAUSD)
100,2245,2245,El Sereno Middle(LAUSD),Los Angeles Unified,2839 North Eastern Ave.,El Sereno Middle(LAUSD)
101,2245,2245,El Sereno Middle(LAUSD),Los Angeles Unified,2839 North Eastern Ave.,El Sereno Middle(LAUSD)
102,2292,2292,CDS Elementary(LAUSD),Los Angeles Unified,10001 Jumilla Ave.,CDS Elementary(LAUSD)
103,2246,2246,Elizabeth Learning Center(LAUSD),Los Angeles Unified,4811 Elizabeth St.,Elizabeth Learning Center(LAUSD)
104,2247,2247,Ellen Ochoa Learning Center(LAUSD),Los Angeles Unified,5027 Live Oak St.,Ellen Ochoa Learning Center(LAUSD)
105,1254,1254,Esteban Torres East LA Performing Arts Magnet(LAUSD),Los Angeles Unified,4211 Dozier St.,Esteban Torres East LA Performing Arts Magnet(LAUSD)
106,1254,1254,Esteban Torres East LA Performing Arts Magnet(LAUSD),Los Angeles Unified,4211 Dozier St.,Esteban Torres East LA Performing Arts Magnet(LAUSD)
107,2102,2102,Fernangeles Elementary(LAUSD),Los Angeles Unified,12001 Art St.,Fernangeles Elementary(LAUSD)
108,2113,2113,Florence Griffith Joyner Elementary(LAUSD),Los Angeles Unified,1963 East 103rd St.,Florence Griffith Joyner Elementary(LAUSD)
109,1617,1617,Lovelia P. Flournoy Elementary(LAUSD),Los Angeles Unified,1630 East 111th St.,Lovelia P. Flournoy Elementary(LAUSD)
110,1617,1617,Lovelia P. Flournoy Elementary(LAUSD),Los Angeles Unified,1630 East 111th St.,Lovelia P. Flournoy Elementary(LAUSD)
111,1986,1986,Garvanza Elementary(LAUSD),Los Angeles Unified,317 North Avenue 62,Garvanza Elementary(LAUSD)
112,1988,1988,Gaspar De Portola Charter Middle(LAUSD),Los Angeles Unified,18720 Linnet St.,Gaspar De Portola Charter Middle(LAUSD)
113,1988,1988,Gaspar De Portola Charter Middle(LAUSD),Los Angeles Unified,18720 Linnet St.,Gaspar De Portola Charter Middle(LAUSD)
114,2308,2308,"Gerald A. Lawson Academy of the Arts, Mathematics and Science(LAUSD)",Los Angeles Unified,929 West 69th St.,"Gerald A. Lawson Academy of the Arts, Mathematics and Science(LAUSD)"
115,2313,2313,"Glassell Park ES Science, Technology, Engineering, Arts and Math Magnet(LAUSD)",Los Angeles Unified,2211 West Avenue 30,"Glassell Park ES Science, Technology, Engineering, Arts and Math Magnet(LAUSD)"
116,1586,1586,Graham Elementary(LAUSD),Los Angeles Unified,8407 South Fir Ave.,Graham Elementary(LAUSD)
117,1590,1590,Grant Elementary(LAUSD),Los Angeles Unified,1530 North Wilton Pl.,Grant Elementary(LAUSD)
118,1592,1592,Gratts Learning Academy for Young Scholars (GLAYS)(LAUSD),Los Angeles Unified,309 Lucas Ave.,Gratts Learning Academy for Young Scholars (GLAYS)(LAUSD)
119,1594,1594,Gridley Street Elementary(LAUSD),Los Angeles Unified,1907 Eighth St.,Gridley Street Elementary(LAUSD)
120,1596,1596,Griffith Middle(LAUSD),Los Angeles Unified,4765 East Fourth St.,Griffith Middle(LAUSD)
121,1542,1542,Haddon Avenue Elementary(LAUSD),Los Angeles Unified,10115 Haddon Ave.,Haddon Avenue Elementary(LAUSD)
122,2000,2000,Harmony Elementary(LAUSD),Los Angeles Unified,899 East 42nd St.,Harmony Elementary(LAUSD)
123,2000,2000,Harmony Elementary(LAUSD),Los Angeles Unified,899 East 42nd St.,Harmony Elementary(LAUSD)
124,2001,2001,Harold McAlister High (Opportunity)(LAUSD),Los Angeles Unified,611 South Carondelet St.,Harold McAlister High (Opportunity)(LAUSD)
125,0,,,,,
126,2009,2009,Haskell Elementary Science Technology Engineering Arts And Mathematics (STEAM) Magnet(LAUSD),Los Angeles Unified,15850 Tulsa St.,Haskell Elementary Science Technology Engineering Arts And Mathematics (STEAM) Magnet(LAUSD)
127,2315,2315,Helen Bernstein High(LAUSD),Los Angeles Unified,1309 North Wilton Pl.,Helen Bernstein High(LAUSD)
128,2315,2315,Helen Bernstein High(LAUSD),Los Angeles Unified,1309 North Wilton Pl.,Helen Bernstein High(LAUSD)
129,2166,2166,"Hilda L. Solis Learning Academy School of Technology, Business and Education(LAUSD)",Los Angeles Unified,319 North Humphreys Ave.,"Hilda L. Solis Learning Academy School of Technology, Business and Education(LAUSD)"
130,1545,1545,Hobart Boulevard Elementary(LAUSD),Los Angeles Unified,980 South Hobart Blvd.,Hobart Boulevard Elementary(LAUSD)
131,1546,1546,Hollenbeck Middle(LAUSD),Los Angeles Unified,2510 East Sixth St.,Hollenbeck Middle(LAUSD)
132,1546,1546,Hollenbeck Middle(LAUSD),Los Angeles Unified,2510 East Sixth St.,Hollenbeck Middle(LAUSD)
133,1546,1546,Hollenbeck Middle(LAUSD),Los Angeles Unified,2510 East Sixth St.,Hollenbeck Middle(LAUSD)
134,2023,2023,Hooper Avenue Primary Center(LAUSD),Los Angeles Unified,1280 East 52nd St.,Hooper Avenue Primary Center(LAUSD)
135,1276,1276,James A. Garfield Senior High(LAUSD),Los Angeles Unified,5101 East Sixth St.,James A. Garfield Senior High(LAUSD)
136,1306,1306,James Monroe High(LAUSD),Los Angeles Unified,9229 Haskell Ave.,James Monroe High(LAUSD)
137,1306,1306,James Monroe High(LAUSD),Los Angeles Unified,9229 Haskell Ave.,James Monroe High(LAUSD)
138,1306,1306,James Monroe High(LAUSD),Los Angeles Unified,9229 Haskell Ave.,James Monroe High(LAUSD)
139,1306,1306,James Monroe High(LAUSD),Los Angeles Unified,9229 Haskell Ave.,James Monroe High(LAUSD)
140,1312,1312,John Adams Middle(LAUSD),Los Angeles Unified,151 West 30th St.,John Adams Middle(LAUSD)
141,1314,1314,John Burroughs Middle(LAUSD),Los Angeles Unified,600 South McCadden Pl.,John Burroughs Middle(LAUSD)
142,1316,1316,John F. Kennedy High(LAUSD),Los Angeles Unified,11254 Gothic Ave.,John F. Kennedy High(LAUSD)
143,1316,1316,John F. Kennedy High(LAUSD),Los Angeles Unified,11254 Gothic Ave.,John F. Kennedy High(LAUSD)
144,1316,1316,John F. Kennedy High(LAUSD),Los Angeles Unified,11254 Gothic Ave.,John F. Kennedy High(LAUSD)
145,1767,1767,John Muir Middle(LAUSD),Los Angeles Unified,5929 South Vermont Ave.,John Muir Middle(LAUSD)
146,1551,1551,Joseph Le Conte Middle(LAUSD),Los Angeles Unified,1316 North Bronson Ave.,Joseph Le Conte Middle(LAUSD)
147,1551,1551,Joseph Le Conte Middle(LAUSD),Los Angeles Unified,1316 North Bronson Ave.,Joseph Le Conte Middle(LAUSD)
148,1553,1553,Judith F. Baca Arts Academy(LAUSD),Los Angeles Unified,1536 East 89th St.,Judith F. Baca Arts Academy(LAUSD)
149,2032,2032,King/Drew Medical Magnet High(LAUSD),Los Angeles Unified,1601 East 120th St.,King/Drew Medical Magnet High(LAUSD)
150,1707,1707,Lake Street Primary(LAUSD),Los Angeles Unified,135 North Lake St.,Lake Street Primary(LAUSD)
151,1411,1411,Thirty-Second Street/ 32nd St. USC Performing Arts(LAUSD),Los Angeles Unified,822 West 32nd St.,Thirty-Second Street/ 32nd St. USC Performing Arts(LAUSD)
152,1868,1868,"Science, Technology, Engineering, Arts and Mathematics at Legacy High School Complex(LAUSD)",Los Angeles Unified,5225 Tweedy Blvd.,"Science, Technology, Engineering, Arts and Mathematics at Legacy High School Complex(LAUSD)"
153,1503,1503,Abraham Lincoln Senior High(LAUSD),Los Angeles Unified,3501 North Broadway,Abraham Lincoln Senior High(LAUSD)
154,1503,1503,Abraham Lincoln Senior High(LAUSD),Los Angeles Unified,3501 North Broadway,Abraham Lincoln Senior High(LAUSD)
155,1770,1770,Linda Esperanza Marquez High A Huntington Park Institute of Applied Medicine(LAUSD),Los Angeles Unified,6361 Cottage St.,Linda Esperanza Marquez High A Huntington Park Institute of Applied Medicine(LAUSD)
156,1779,1779,Logan Academy of Global Ecology(LAUSD),Los Angeles Unified,1711 West Montana St.,Logan Academy of Global Ecology(LAUSD)
157,2036,2036,Luther Burbank Middle (LAUSD),Los Angeles Unified,6460 North Figueroa St.,Luther Burbank Middle (LAUSD)
158,2036,2036,Luther Burbank Middle (LAUSD),Los Angeles Unified,6460 North Figueroa St.,Luther Burbank Middle (LAUSD)
159,2037,2037,MacArthur Park Elementary School for the Visual and Performing Arts(LAUSD),Los Angeles Unified,2300 West Seventh St.,MacArthur Park Elementary School for the Visual and Performing Arts(LAUSD)
160,2039,2039,Madison Elementary South Gate,Los Angeles Unified,9820 Madison Ave.,Madison Elementary South Gate
161,2045,2045,Manual Arts Senior High(LAUSD),Los Angeles Unified,4131 South Vermont Ave.,Manual Arts Senior High(LAUSD)
162,2047,2047,Maple Primary Center(LAUSD),Los Angeles Unified,3601 South Maple Ave.,Maple Primary Center(LAUSD)
163,1321,1321,Martin Luther King Jr. Elementary(LAUSD),Los Angeles Unified,3989 South Hobart Blvd.,Martin Luther King Jr. Elementary(LAUSD)
164,1331,1331,Mayall Street Elementary(LAUSD),Los Angeles Unified,16701 Mayall St.,Mayall Street Elementary(LAUSD)
165,2202,2202,Melrose Avenue Elementary(LAUSD),Los Angeles Unified,731 North Detroit St.,Melrose Avenue Elementary(LAUSD)
166,2252,2252,Mervyn M. Dymally High(LAUSD),Los Angeles Unified,8800 South San Pedro St.,Mervyn M. Dymally High(LAUSD)
167,2257,2257,Micheltorena Street Elementary(LAUSD),Los Angeles Unified,1511 Micheltorena St.,Micheltorena Street Elementary(LAUSD)
168,1251,1251,Contreras Learning Center-Academic Leadership Community(LAUSD),Los Angeles Unified,322 Lucas Ave.,Contreras Learning Center-Academic Leadership Community(LAUSD)
169,1252,1252,Contreras Learning Center-Los Angeles School of Global Studies(LAUSD),Los Angeles Unified,322 Lucas Ave.,Contreras Learning Center-Los Angeles School of Global Studies(LAUSD)
170,1762,1762,Contreras Learning Center-School of Social Justice(LAUSD),Los Angeles Unified,322 South Lucas Ave.,Contreras Learning Center-School of Social Justice(LAUSD)
171,1719,1719,Morris K. Hamasaki Elementary(LAUSD),Los Angeles Unified,4865 East First St.,Morris K. Hamasaki Elementary(LAUSD)
172,1719,1719,Morris K. Hamasaki Elementary(LAUSD),Los Angeles Unified,4865 East First St.,Morris K. Hamasaki Elementary(LAUSD)
173,1722,1722,Mt. Gleason Middle(LAUSD),Los Angeles Unified,10965 Mt. Gleason Ave.,Mt. Gleason Middle(LAUSD)
174,1722,1722,Mt. Gleason Middle(LAUSD),Los Angeles Unified,10965 Mt. Gleason Ave.,Mt. Gleason Middle(LAUSD)
175,2049,2049,Oliver Wendell Holmes Middle(LAUSD),Los Angeles Unified,9351 Paso Robles Ave.,Oliver Wendell Holmes Middle(LAUSD)
176,1339,1339,Orville Wright Engineering and Design Magnet(LAUSD),Los Angeles Unified,6550 West 80th St.,Orville Wright Engineering and Design Magnet(LAUSD)
177,2193,2193,Pacific Boulevard(LAUSD),Los Angeles Unified,2660 East 57th St.,Pacific Boulevard(LAUSD)
178,2209,2209,Panorama High(LAUSD),Los Angeles Unified,8015 Van Nuys Blvd.,Panorama High(LAUSD)
179,2209,2209,Panorama High(LAUSD),Los Angeles Unified,8015 Van Nuys Blvd.,Panorama High(LAUSD)
180,2209,2209,Panorama High(LAUSD),Los Angeles Unified,8015 Van Nuys Blvd.,Panorama High(LAUSD)
181,2215,2215,Paseo del Rey Fundamental(LAUSD),Los Angeles Unified,7751 Paseo del Rey,Paseo del Rey Fundamental(LAUSD)
182,2274,2274,Porter Ranch Community(LAUSD),Los Angeles Unified,12450 Mason Ave.,Porter Ranch Community(LAUSD)
183,1487,1487,RFK Comm Schls - Ambassador School - Global Education(LAUSD),Los Angeles Unified,3201 West Eighth St.,RFK Comm Schls - Ambassador School - Global Education(LAUSD)
184,1487,1487,RFK Comm Schls - Ambassador School - Global Education(LAUSD),Los Angeles Unified,3201 West Eighth St.,RFK Comm Schls - Ambassador School - Global Education(LAUSD)
185,1819,1819,New Open World Academy K-12(LAUSD),Los Angeles Unified,3201 West Eighth St.,New Open World Academy K-12(LAUSD)
186,1664,1664,Robert A. Millikan Affiliated Charter & Performing Arts Magnet Middle(LAUSD),Los Angeles Unified,5041 Sunnyslope Ave.,Robert A. Millikan Affiliated Charter & Performing Arts Magnet Middle(LAUSD)
187,1664,1664,Robert A. Millikan Affiliated Charter & Performing Arts Magnet Middle(LAUSD),Los Angeles Unified,5041 Sunnyslope Ave.,Robert A. Millikan Affiliated Charter & Performing Arts Magnet Middle(LAUSD)
188,1668,1668,Robert Fulton College Preparatory(LAUSD),Los Angeles Unified,7477 Kester Ave.,Robert Fulton College Preparatory(LAUSD)
189,1624,1624,Robert Louis Stevenson College and Career Preparatory(LAUSD),Los Angeles Unified,725 South Indiana St.,Robert Louis Stevenson College and Career Preparatory(LAUSD)
190,1624,1624,Robert Louis Stevenson College and Career Preparatory(LAUSD),Los Angeles Unified,725 South Indiana St.,Robert Louis Stevenson College and Career Preparatory(LAUSD)
191,1409,1409,Theodore Roosevelt Senior High(LAUSD),Los Angeles Unified,456 South Mathews St.,Theodore Roosevelt Senior High(LAUSD)
192,1409,1409,Theodore Roosevelt Senior High(LAUSD),Los Angeles Unified,456 South Mathews St.,Theodore Roosevelt Senior High(LAUSD)
193,1632,1632,Rosewood Avenue Elementary(LAUSD),Los Angeles Unified,503 North Croft Ave.,Rosewood Avenue Elementary(LAUSD)
194,2341,2341,San Pascual Elementary Science Technology Engineering Arts And Mathematics (STEAM) Magnet(LAUSD),Los Angeles Unified,815 San Pascual Ave.,San Pascual Elementary Science Technology Engineering Arts And Mathematics (STEAM) Magnet(LAUSD)
195,2342,2342,San Pedro Senior High(LAUSD),Los Angeles Unified,1001 West 15th St.,San Pedro Senior High(LAUSD)
196,2342,2342,San Pedro Senior High(LAUSD),Los Angeles Unified,1001 West 15th St.,San Pedro Senior High(LAUSD)
197,2342,2342,San Pedro Senior High(LAUSD),Los Angeles Unified,1001 West 15th St.,San Pedro Senior High(LAUSD)
198,2342,2342,San Pedro Senior High(LAUSD),Los Angeles Unified,1001 West 15th St.,San Pedro Senior High(LAUSD)
199,2342,2342,San Pedro Senior High(LAUSD),Los Angeles Unified,1001 West 15th St.,San Pedro Senior High(LAUSD)
200,2342,2342,San Pedro Senior High(LAUSD),Los Angeles Unified,1001 West 15th St.,San Pedro Senior High(LAUSD)
201,2293,2293,CDS Secondary(LAUSD),Los Angeles Unified,727 South Wilson St.,CDS Secondary(LAUSD)
202,1839,1839,South East High(LAUSD),Los Angeles Unified,2720 Tweedy Blvd.,South East High(LAUSD)
203,1843,1843,South Shores/CSUDH Visual and Performing Arts(LAUSD),Los Angeles Unified,2060 West 35th St.,South Shores/CSUDH Visual and Performing Arts(LAUSD)
204,1468,1468,Stanford Primary Center(LAUSD),Los Angeles Unified,3020 Kansas Ave.,Stanford Primary Center(LAUSD)
205,1948,1948,Sunrise Elementary(LAUSD),Los Angeles Unified,2821 East Seventh St.,Sunrise Elementary(LAUSD)
206,1953,1953,Sylmar Biotech Health and Engineering Magnet(LAUSD),Los Angeles Unified,13050 Borden Ave.,Sylmar Biotech Health and Engineering Magnet(LAUSD)
207,1684,1684,Teresa Hughes Elementary(LAUSD),Los Angeles Unified,4242 Clara St.,Teresa Hughes Elementary(LAUSD)
208,1415,1415,Thomas Starr King Middle School Film and Media Magnet(LAUSD),Los Angeles Unified,4201 Fountain Ave.,Thomas Starr King Middle School Film and Media Magnet(LAUSD)
209,1415,1415,Thomas Starr King Middle School Film and Media Magnet(LAUSD),Los Angeles Unified,4201 Fountain Ave.,Thomas Starr King Middle School Film and Media Magnet(LAUSD)
210,1380,1380,Tri-C Community Day(LAUSD),Los Angeles Unified,"716 East 14th St., Second Fl.",Tri-C Community Day(LAUSD)
211,2283,2283,University High School Charter(LAUSD),Los Angeles Unified,11800 Texas Ave.,University High School Charter(LAUSD)
212,1971,1971,Verdugo Hills Senior High(LAUSD),Los Angeles Unified,10625 Plainview Ave.,Verdugo Hills Senior High(LAUSD)
213,1971,1971,Verdugo Hills Senior High(LAUSD),Los Angeles Unified,10625 Plainview Ave.,Verdugo Hills Senior High(LAUSD)
214,1886,1886,Virgil Middle(LAUSD),Los Angeles Unified,152 North Vermont Ave.,Virgil Middle(LAUSD)
215,1924,1924,Walnut Park Elementary(LAUSD),Los Angeles Unified,2642 Olive St.,Walnut Park Elementary(LAUSD)
216,1926,1926,"Walnut Park Middle B Science, Technology, Engineering and Mathematics Academy(LAUSD)",Los Angeles Unified,7500 Marbrisa Ave.,"Walnut Park Middle B Science, Technology, Engineering and Mathematics Academy(LAUSD)"
217,1424,1424,West Adams Preparatory High(LAUSD),Los Angeles Unified,1500 West Washington Blvd.,West Adams Preparatory High(LAUSD)
218,1424,1424,West Adams Preparatory High(LAUSD),Los Angeles Unified,1500 West Washington Blvd.,West Adams Preparatory High(LAUSD)
219,1423,1423,WESM Health/Sports Medicine(LAUSD),Los Angeles Unified,7400 West Manchester Ave.,WESM Health/Sports Medicine(LAUSD)
220,1423,1423,WESM Health/Sports Medicine(LAUSD),Los Angeles Unified,7400 West Manchester Ave.,WESM Health/Sports Medicine(LAUSD)
221,1423,1423,WESM Health/Sports Medicine(LAUSD),Los Angeles Unified,7400 West Manchester Ave.,WESM Health/Sports Medicine(LAUSD)
222,1391,1391,Western Avenue Technology Magnet(LAUSD),Los Angeles Unified,1724 West 53rd St.,Western Avenue Technology Magnet(LAUSD)
223,2161,2161,Charles White Elementary(LAUSD),Los Angeles Unified,2401 Wilshire Blvd.,Charles White Elementary(LAUSD)
224,1438,1438,"Wilmington Middle Science, Technology, Engineering, Arts, Mathematics (STEAM) Magnet(LAUSD)",Los Angeles Unified,1700 Gulf Ave.,"Wilmington Middle Science, Technology, Engineering, Arts, Mathematics (STEAM) Magnet(LAUSD)"
225,1443,1443,Windsor Hills Math Science(LAUSD),Los Angeles Unified,5215 Overdale Dr.,Windsor Hills Math Science(LAUSD)
226,2144,2144,YES Academy(LAUSD),Los Angeles Unified,3140 Hyde Park Blvd.,YES Academy(LAUSD)
227,1145,1145,Alvarado Elementary (Long Beach Unified),Long Beach Unified,1400 East 20th St.,Alvarado Elementary (Long Beach Unified)
228,1146,1146,Avalon K-12 (Long Beach Unified),Long Beach Unified,200 Falls Canyon Rd.,Avalon K-12 (Long Beach Unified)
229,1146,1146,Avalon K-12 (Long Beach Unified),Long Beach Unified,200 Falls Canyon Rd.,Avalon K-12 (Long Beach Unified)
230,1146,1146,Avalon K-12 (Long Beach Unified),Long Beach Unified,200 Falls Canyon Rd.,Avalon K-12 (Long Beach Unified)
231,0,,,,,
232,1132,1132,Richard D. Browning High (Long Beach Unified),Long Beach Unified,2120 Obispo Ave.,Richard D. Browning High (Long Beach Unified)
233,1097,1097,California Academy of Mathematics and Science (Long Beach Unified),Long Beach Unified,"1000 East Victoria St., Bldg. SAC3 rm3117",California Academy of Mathematics and Science (Long Beach Unified)
234,1161,1161,Chavez Elementary (Long Beach) (Long Beach Unified),Long Beach Unified,730 West Third St.,Chavez Elementary (Long Beach) (Long Beach Unified)
235,1168,1168,Emerson Parkside Academy (Long Beach Unified),Long Beach Unified,2625 Josie Ave.,Emerson Parkside Academy (Long Beach Unified)
236,1173,1173,Fremont Elementary (Long Beach) (Long Beach Unified),Long Beach Unified,4000 East Fourth St.,Fremont Elementary (Long Beach) (Long Beach Unified)
237,1099,1099,Gompers K-8 (Long Beach Unified),Long Beach Unified,5206 Briercrest Ave.,Gompers K-8 (Long Beach Unified)
238,1112,1112,Jefferson Leadership Academies (Long Beach Unified),Long Beach Unified,750 Euclid Ave.,Jefferson Leadership Academies (Long Beach Unified)
239,1081,1081,Lindbergh STEM Academy (Long Beach Unified),Long Beach Unified,1022 East Market St.,Lindbergh STEM Academy (Long Beach Unified)
240,1082,1082,Lindsey Academy (Long Beach Unified),Long Beach Unified,5075 Daisy Ave.,Lindsey Academy (Long Beach Unified)
241,1093,1093,Marshall Academy of the Arts (Long Beach Unified),Long Beach Unified,5870 East Wardlow Rd.,Marshall Academy of the Arts (Long Beach Unified)
242,1169,1169,"Ernest S. McBride, Sr. High (Long Beach Unified)",Long Beach Unified,7025 East Parkcrest St.,"Ernest S. McBride, Sr. High (Long Beach Unified)"
243,1095,1095,Millikan High (Long Beach Unified),Long Beach Unified,2800 Snowden Ave.,Millikan High (Long Beach Unified)
244,1114,1114,Jessie Nelson Academy (Long Beach Unified),Long Beach Unified,1951 Cherry Ave.,Jessie Nelson Academy (Long Beach Unified)
245,0,,,,,
246,1128,1128,Powell Academy for Success (Long Beach Unified),Long Beach Unified,150 Victoria St.,Powell Academy for Success (Long Beach Unified)
247,0,,,,,
248,1170,1170,Eunice Sato Academy of Math & Science (Long Beach Unified),Long Beach Unified,1100 Iroquois Ave.,Eunice Sato Academy of Math & Science (Long Beach Unified)
249,0,,,,,
250,0,,,,,
251,0,,,,,
252,0,,,,,
253,0,,,,,
254,0,,,,,
